{
  "project_info": {
    "project_number": "555442977696",
    "project_id": "battle-ship-388308",
    "storage_bucket": "battle-ship-388308.appspot.com"
  },
  "client": [
    {
      "client_info": {
        "mobilesdk_app_id": "1:555442977696:android:7852005106d0726d0802c5",
        "android_client_info": {
          "package_name": "com.meepo.sea.battle.ship"
        }
      },
      "oauth_client": [
        {
          "client_id": "555442977696-ua8epccedjlre3sb4g2enhmdum5rs6pm.apps.googleusercontent.com",
          "client_type": 1,
          "android_info": {
            "package_name": "com.meepo.sea.battle.ship",
            "certificate_hash": "617cd8775926b31b89fd97b45e79164caa9186a9"
          }
        },
        {
          "client_id": "555442977696-0e53ilirr6l6hvu7u567bu4a4c0ekodg.apps.googleusercontent.com",
          "client_type": 3
        }
      ],
      "api_key": [
        {
          "current_key": "AIzaSyD4rHs7dWwUmZ4Bb6NFrHtwFTf3HZngRKk"
        }
      ],
      "services": {
        "appinvite_service": {
          "other_platform_oauth_client": [
            {
              "client_id": "555442977696-0e53ilirr6l6hvu7u567bu4a4c0ekodg.apps.googleusercontent.com",
              "client_type": 3
            }
          ]
        }
      }
    }
  ],
  "configuration_version": "1"
}