{"root":[{"assemblyName":"Sirenix.Serialization","nameSpace":"Sirenix.Serialization","className":"UnitySerializationInitializer","methodName":"InitializeRuntime","loadTypes":1,"isUnityClass":false},{"assemblyName":"Sirenix.Serialization","nameSpace":"Sirenix.Serialization.Utilities","className":"UnityVersion","methodName":"EnsureLoaded","loadTypes":1,"isUnityClass":false},{"assemblyName":"Sirenix.Utilities","nameSpace":"Sirenix.Utilities","className":"UnityVersion","methodName":"EnsureLoaded","loadTypes":1,"isUnityClass":false},{"assemblyName":"Assembly-CSharp","nameSpace":"","className":"SROptions","methodName":"OnStartup","loadTypes":0,"isUnityClass":false},{"assemblyName":"Assembly-CSharp-firstpass","nameSpace":"HellTap.PoolKit","className":"PoolKit","methodName":"CreateGlobalPools","loadTypes":0,"isUnityClass":false},{"assemblyName":"Framework","nameSpace":"","className":"AudioManager","methodName":"Init","loadTypes":1,"isUnityClass":false},{"assemblyName":"Framework","nameSpace":"","className":"ApplicationConfig","methodName":"Init","loadTypes":1,"isUnityClass":false},{"assemblyName":"Framework","nameSpace":"","className":"VFXFactory","methodName":"Init","loadTypes":1,"isUnityClass":false},{"assemblyName":"Framework","nameSpace":"Monetization","className":"MonetizationConfig","methodName":"Init","loadTypes":1,"isUnityClass":false},{"assemblyName":"Framework","nameSpace":"Framework","className":"SceneTransitionHelper","methodName":"LazyInit","loadTypes":1,"isUnityClass":false},{"assemblyName":"Framework","nameSpace":"Framework","className":"FontFactory","methodName":"Init","loadTypes":1,"isUnityClass":false},{"assemblyName":"Framework","nameSpace":"Framework","className":"MaterialFactory","methodName":"Init","loadTypes":1,"isUnityClass":false},{"assemblyName":"Framework","nameSpace":"Framework","className":"PrefabFactory","methodName":"Init","loadTypes":1,"isUnityClass":false},{"assemblyName":"Framework","nameSpace":"Framework","className":"SpriteFactory","methodName":"Init","loadTypes":1,"isUnityClass":false},{"assemblyName":"Framework","nameSpace":"Framework","className":"InitializationConfig","methodName":"Init","loadTypes":1,"isUnityClass":false},{"assemblyName":"Framework","nameSpace":"Framework","className":"PoolConfig","methodName":"Init","loadTypes":1,"isUnityClass":false},{"assemblyName":"Framework","nameSpace":"Framework","className":"ServerConfig","methodName":"Init","loadTypes":1,"isUnityClass":false},{"assemblyName":"Framework","nameSpace":"Framework","className":"PGameMaster","methodName":"Init","loadTypes":1,"isUnityClass":false},{"assemblyName":"Framework","nameSpace":"Framework","className":"Messenger","methodName":"RuntimeInit","loadTypes":2,"isUnityClass":false},{"assemblyName":"Framework","nameSpace":"Framework","className":"ServerMessenger","methodName":"RuntimeInit","loadTypes":2,"isUnityClass":false},{"assemblyName":"MaxSdk.Scripts","nameSpace":"","className":"MaxSdkUnityEditor","methodName":"InitializeMaxSdkUnityEditorOnLoad","loadTypes":0,"isUnityClass":false},{"assemblyName":"spine-unity","nameSpace":"Spine.Unity.AttachmentTools","className":"AtlasUtilities","methodName":"Init","loadTypes":4,"isUnityClass":false},{"assemblyName":"StompyRobot.SRDebugger","nameSpace":"SRDebugger","className":"AutoInitialize","methodName":"OnLoadBeforeScene","loadTypes":4,"isUnityClass":false},{"assemblyName":"StompyRobot.SRDebugger","nameSpace":"SRDebugger","className":"AutoInitialize","methodName":"OnLoad","loadTypes":0,"isUnityClass":false},{"assemblyName":"StompyRobot.SRF","nameSpace":"SRF","className":"Hierarchy","methodName":"RuntimeInitialize","loadTypes":4,"isUnityClass":false},{"assemblyName":"Unity.RenderPipelines.Core.Runtime","nameSpace":"UnityEngine.Experimental.Rendering","className":"XRSystem","methodName":"XRSystemInit","loadTypes":3,"isUnityClass":true},{"assemblyName":"Unity.RenderPipelines.Core.Runtime","nameSpace":"UnityEngine.Rendering","className":"DebugUpdater","methodName":"RuntimeInit","loadTypes":0,"isUnityClass":true},{"assemblyName":"Unity.Services.Analytics","nameSpace":"","className":"Ua2CoreInitializeCallback","methodName":"Register","loadTypes":1,"isUnityClass":true},{"assemblyName":"Unity.Services.Authentication","nameSpace":"Unity.Services.Authentication","className":"AuthenticationPackageInitializer","methodName":"Register","loadTypes":1,"isUnityClass":true},{"assemblyName":"Unity.Services.Core","nameSpace":"Unity.Services.Core","className":"UnityThreadUtils","methodName":"CaptureUnityThreadInfo","loadTypes":4,"isUnityClass":true},{"assemblyName":"Unity.Services.Core.Internal","nameSpace":"Unity.Services.Core.Internal","className":"TaskAsyncOperation","methodName":"SetScheduler","loadTypes":1,"isUnityClass":true},{"assemblyName":"Unity.Services.Core.Internal","nameSpace":"Unity.Services.Core.Internal","className":"UnityServicesInitializer","methodName":"CreateStaticInstance","loadTypes":2,"isUnityClass":true},{"assemblyName":"Unity.Services.Core.Internal","nameSpace":"Unity.Services.Core.Internal","className":"UnityServicesInitializer","methodName":"EnableServicesInitializationAsync","loadTypes":0,"isUnityClass":true},{"assemblyName":"Unity.Services.Core.Registration","nameSpace":"Unity.Services.Core.Registration","className":"CorePackageInitializer","methodName":"Register","loadTypes":1,"isUnityClass":true},{"assemblyName":"Unity.VisualScripting.Core","nameSpace":"Unity.VisualScripting","className":"RuntimeVSUsageUtility","methodName":"RuntimeInitializeOnLoadBeforeSceneLoad","loadTypes":1,"isUnityClass":true},{"assemblyName":"UnityEngine.Purchasing.Codeless","nameSpace":"UnityEngine.Purchasing","className":"CodelessIAPStoreListener","methodName":"InitializeCodelessPurchasingOnLoad","loadTypes":0,"isUnityClass":true},{"assemblyName":"UnityEngine.Purchasing.Stores","nameSpace":"UnityEngine.Purchasing.Registration","className":"IapCoreInitializeCallback","methodName":"Register","loadTypes":1,"isUnityClass":true}]}
